emp_id,name,email,city,salary
1,Heather Rodriguez,zacharymcguire@example.org,Meyerborough,57925
2,Katherine Nguyen,desireegreen@example.net,West Gilbertview,51352
3,Kristen Callahan,jenniferfitzgerald@example.org,Jacobburgh,66151
4,Mark Clarke,xpearson@example.net,South Sydney,81863
5,Charlotte Lewis,ycollins@example.net,South Stacyshire,87752
6,Heather Valdez,smithdenise@example.com,New Justinstad,95291
7,Miguel Green,kristinlozano@example.com,Lake Stevenfurt,36975
8,Randall Marsh,kelliparsons@example.com,New Lisachester,113211
9,Rebecca Stein,stonetonya@example.net,East Kylechester,113825
10,Nicholas Brown,randall03@example.org,Moniquebury,63226
11,Jonathan Sanchez,lawrencebrian@example.org,Greenport,54449
12,Bryan Coleman,williambautista@example.net,West Steven,68085
13,Jessica Burton,kristinepark@example.org,East Antoniotown,52996
14,Brett Gonzalez,thomas35@example.org,Cummingsburgh,42165
15,Michael Lee,peterperez@example.org,East Alyssaborough,30719
16,Dana Johnson,kathy47@example.com,Davidmouth,44129
17,Jeffrey Miller,ccombs@example.org,West Eileen,50860
18,Lawrence Schwartz,joshuascott@example.net,Greenemouth,69128
19,Shane Tran,alexandrawilliams@example.net,Brooksstad,31717
20,Heidi Morgan,rubenwebb@example.org,Rachelside,89311
21,Zachary Scott DDS,caseybrian@example.org,Hillborough,60378
22,Kelsey Moore,cunninghamtimothy@example.com,Snowmouth,57283
23,Thomas Ross,vshort@example.com,Hodgesberg,116324
24,William Anderson,wallacericardo@example.com,Cynthiaside,53098
25,Marissa Meyer,dianakrause@example.com,New Paulachester,97853
26,David English,edward53@example.net,Lake Bethshire,77643
27,Elizabeth Larsen,joshua89@example.com,Stuartside,34933
28,Teresa Ross,robert00@example.com,North Laurenhaven,48779
29,Steven Parker,jbrown@example.net,Stokesport,47709
30,Jeanette Medina,rebecca50@example.net,North Kelly,44416
31,Anita Oconnor,tamara42@example.org,Feliciabury,36634
32,Brian Jones,eroberts@example.net,Tashatown,42794
33,Kathleen White,jordanmelissa@example.net,New Aaron,96402
34,Scott House,chad52@example.org,Port Emily,34006
35,Stacie King,boothdavid@example.com,East Dawnbury,100484
36,Brandi Velez,james10@example.net,Port Teresa,66171
37,Jennifer Arias,anne67@example.org,New Cheryl,45057
38,Aaron David,thompsonstephen@example.com,Port Theresaburgh,34275
39,Shelia Nelson,tracy55@example.net,Richardbury,112478
40,Jessica Hess,asmith@example.com,Lake Mariahtown,59727
41,Jimmy Perez,antoniobailey@example.org,Daytown,95186
42,Frank Williams,dhahn@example.org,Ericbury,93930
43,Amber Matthews,juansmith@example.org,Staceystad,111293
44,Jerry Bell,jmcguire@example.com,Bryanport,54863
45,Felicia Ingram,amanda54@example.org,South Josemouth,33903
46,Jessica Gonzalez,johncollins@example.org,Christopherside,40657
47,Olivia Collins,jakecampbell@example.com,Crystalborough,115083
48,Joshua Brown,swise@example.net,Kaitlintown,56400
49,James Glass,dianemiller@example.net,North Amber,70733
50,Joseph Rodriguez,ltaylor@example.org,Heathermouth,52440
51,Madison Foster,thomasstewart@example.com,Jacquelineberg,63947
52,Kevin Clarke DDS,vmartinez@example.com,Janetfurt,64142
53,Amy Brown,madison76@example.com,North Nicolefort,108330
54,John Garcia,darryl15@example.com,Morrisonside,30346
55,Nicholas Wilkinson,ashley92@example.org,New Regina,70127
56,Daniel Sanchez,aprildiaz@example.org,East Heathermouth,103210
57,Carolyn Fitzgerald,patriciabutler@example.com,North Joshua,117997
58,Alexander Hampton,joshuacontreras@example.org,South Bobbyville,93838
59,Katherine Stephens,jessicaparker@example.org,Perezberg,30756
60,Kevin Strong,ojohnson@example.org,West Lisaborough,39427
61,Thomas Clark,youngcynthia@example.com,East Derekmouth,32490
62,Connie Ibarra,prestonhogan@example.org,Lake Shannon,115708
63,Nathan Mejia,qmiller@example.net,West Cheryl,72441
64,Kimberly Johns,autumnrogers@example.com,Jefferychester,50525
65,James Burch,andrew20@example.net,Jasonfurt,81604
66,Elizabeth Warren,amygraves@example.net,Michaelfort,84334
67,Patty Morrison,wstewart@example.com,Richardland,80216
68,Donna Palmer,florescheryl@example.net,Snyderfurt,64897
69,Sydney Mendoza,jennarandolph@example.com,Lake Zachary,31636
70,Shannon Garcia,bkelly@example.net,Brandonshire,107082
71,Richard Murray,wilsonjennifer@example.com,East Johnport,60708
72,Mark King,muellershelley@example.org,New Lori,43002
73,Robert Smith,smithjennifer@example.net,South Frederick,110444
74,Rachel Clay,thomas79@example.net,New Jasmineport,83914
75,Ariel Mcgee,lpena@example.org,Port Roy,37353
76,Dakota Figueroa,srodgers@example.net,Lake Ericmouth,32962
77,Raymond Coleman,michelewilkerson@example.com,Rodneyfort,100507
78,Steven Montoya,brianromero@example.org,North Sheliamouth,101657
79,Tammy Miller,stephanie35@example.com,Lake Danielmouth,39447
80,Thomas Meyer,castrokristina@example.com,Leslieport,51933
81,Leslie Clark,cjohnson@example.com,Ryanfurt,113221
82,Nichole Clarke,ptaylor@example.org,Markport,45192
83,Ashley Kane,rcalhoun@example.net,Ernestland,84342
84,Larry Rivers,barrettchad@example.com,East Julie,77469
85,Debra Nelson MD,aliciaburns@example.net,Port Aaronmouth,62087
86,Samantha Wright,travisdavis@example.org,Smithstad,112569
87,Kathleen Baker,david41@example.org,Sherryville,93269
88,Daniel Butler,rhonda24@example.org,North Danielborough,91932
89,Christina Johnston,qcraig@example.net,Port Shannonstad,110312
90,Monique Mason,katherine30@example.com,West Sandyfurt,119701
91,Steven Robbins,weaverchristopher@example.com,Lake Margaretbury,47946
92,Donald Lane,wspencer@example.com,Huntmouth,71865
93,Teresa Clarke,jacksonshawn@example.org,Shanefurt,107335
94,Isaiah Baker,tstone@example.net,Williamsfort,72940
95,Joann Gonzalez,john60@example.org,Zacharyfort,116657
96,Tonya Williams,xhogan@example.org,Port Katherinestad,80113
97,Omar Dalton,zross@example.com,North Brittany,90557
98,Matthew Martinez,smithandrea@example.com,North Davidburgh,49261
99,Richard Horton,hbush@example.net,New Jamie,50163
100,Erin Jones,vmoore@example.org,Davilashire,102730
101,Timothy Booker,margaret76@example.com,North Danielchester,62354
102,Eric Barnes,newtonjessica@example.com,North Steven,63204
103,Stephanie Cohen,wallsregina@example.org,Lake Dianamouth,88408
104,Robert Brown,hobbspatrick@example.com,Aaronside,36568
105,Willie Marshall,cookgregory@example.com,Andersonmouth,104125
106,Paula Garcia,beasleyjennifer@example.net,Caseyborough,41040
107,Peter Park,andrew70@example.com,Johnsonton,32586
108,Carolyn Taylor,criley@example.org,North Robert,95758
109,Jeremy Kelley,burgessdeanna@example.com,West Justinville,49710
110,Brandi Austin,grant03@example.net,Beckchester,113188
111,Tina Roberts,christopher90@example.org,Petersenfurt,34015
112,Reginald Shaffer,donaldwebb@example.net,South Michelle,118779
113,Brandon Alvarez,ynguyen@example.net,Gibbsburgh,32708
114,Albert Gray,wrightmisty@example.net,Anthonyberg,37726
115,Adam Owens,spatton@example.com,New Marktown,62015
116,Renee Williams,ashields@example.com,Johnstonmouth,61709
117,Alan Sheppard,brandi45@example.org,Morganton,60855
118,Shane Baker,nancy32@example.net,Zacharystad,88772
119,Nathaniel Martin,smallaustin@example.net,Matthewbury,51717
120,Melissa Juarez,marksandrew@example.com,Jeanettemouth,74353
121,Keith Estes,yanderson@example.net,North Nichole,82896
122,Andrew Anderson,dalton55@example.net,Port Robinbury,66272
123,James Nelson,ograves@example.net,Rodriguezmouth,47191
124,Jeremy Allen II,james00@example.org,Meganville,64978
125,Robert Hudson,lorraine10@example.com,Lake Samanthaton,45770
126,Rachel Goodman,lindacarrillo@example.com,Vincentshire,86279
127,Tammy Henderson PhD,wpatterson@example.net,Tylerport,115291
128,Charles Stevens,michaelcarr@example.com,Douglastown,39200
129,Matthew Farmer,anna35@example.org,Jacksontown,30949
130,Lynn Edwards,victoriaknight@example.org,East Benjaminland,87341
131,Adrian Green,gina91@example.org,Riveraville,117283
132,Karen Murray,rickyharris@example.net,Jasonmouth,119971
133,Brittany Miller,arogers@example.com,East Michaelfurt,75841
134,Jessica Finley,thomasmckinney@example.net,Sarahberg,59042
135,Jennifer Sloan,icolon@example.org,Wilcoxland,57413
136,Steven Hunter,rbenitez@example.net,West Elizabeth,56163
137,Ralph Owens,nguyenamber@example.com,West Pamela,34331
138,Roy Smith,crystal69@example.org,Coxfurt,54468
139,Phillip Simpson,katrinabates@example.org,East Michaelside,86491
140,Rachel Griffin,medinamichelle@example.net,Seanshire,41040
141,Erik Jones,josephjones@example.org,Russellside,100158
142,Megan Ellison,mistylewis@example.org,Charleneborough,78228
143,Jason Clark,gregorychristine@example.org,Randallmouth,114788
144,Kathy Sellers,kendraramirez@example.org,Lake Maryton,85679
145,Edward Leonard,emorgan@example.org,Lake Deborahview,63506
146,Gabriel Warren,judygomez@example.net,Jeffreyfort,61832
147,Jeremiah Nixon III,inolan@example.org,Dixonfurt,70416
148,Daniel Torres,vstephens@example.net,Port Zachary,84797
149,David Pitts,alexandra98@example.com,New Kevinborough,30347
150,Douglas Cuevas,robleslee@example.org,Arnoldberg,63921
151,Aaron Stafford,heather64@example.org,Matthewville,115107
152,Thomas Robinson,erin23@example.org,North Susanview,32726
153,Adam Harris,burnssergio@example.org,New Karen,60686
154,Sarah Owens,bakercassandra@example.com,Deckerton,82236
155,Lawrence Johnson,foxalice@example.org,Sarahchester,94528
156,Brittney Gonzalez,jerome98@example.net,South Sandramouth,63128
157,Rachel Andrade,mariah95@example.net,North Amandaside,99968
158,Mary Lee,wilsonronald@example.com,Mooreton,92531
159,Michael Hanson,farmerdawn@example.org,Dennisland,95837
160,Mackenzie Delacruz,jaimesmith@example.org,Christopherside,72843
161,Katie Riley,brandonrusso@example.net,Fishertown,50540
162,Rachel Lewis,julie31@example.com,Rachelside,50913
163,Nicole Norris MD,john66@example.org,North Steveport,103139
164,Jennifer Clark,jessica22@example.org,Scottstad,41937
165,Pamela Scott,teresa03@example.net,Port Angela,82804
166,James Pierce,diane53@example.com,Port Kennethmouth,52330
167,Amy Chen,prattsamuel@example.net,Jasonport,32847
168,Courtney Howard,juliemontgomery@example.org,Jamesview,70652
169,Michael Johnson DDS,madison06@example.net,East Aaron,41492
170,Michael Gutierrez,valerie99@example.com,Millerside,63262
171,Charles Hutchinson,timothynichols@example.com,Martinezville,76897
172,Randy Donaldson,simmonsmichelle@example.org,Tammyport,80936
173,Kathryn Holmes,kjackson@example.com,Lake Jennifer,92136
174,Lori Thomas,awoods@example.net,North Joshua,38797
175,Emily Williams,kevinthornton@example.net,West Taylorchester,37894
176,Lisa Hoffman,aguilarcindy@example.org,West Colleen,45972
177,Jessica Hall,amygordon@example.com,Thomasside,49447
178,Robert Brown,moralessherry@example.com,West Anne,88992
179,Matthew Parker,sfreeman@example.org,Andrewside,114632
180,Crystal Hardy,bphillips@example.com,Bradleyside,110562
181,Michelle Jennings,yolandadavis@example.org,Jennifermouth,59828
182,Mrs. Aimee Larson DDS,martineztroy@example.net,West Emilyfurt,42676
183,Matthew Stewart,ustein@example.com,North Shawn,34655
184,John Little,tsanders@example.net,East Brandonville,109933
185,Brandy Webb,thomas13@example.com,Brownville,30790
186,Jamie Powers,cheryl67@example.com,Port Matthew,47537
187,Ryan Brown,marksmith@example.com,Lake Jonathan,50785
188,Jennifer Blanchard,isaiah65@example.net,West Jillside,105598
189,Samantha Rogers,lhickman@example.org,Powersbury,93734
190,Anthony Henderson,lisasmith@example.net,East Rodney,91739
191,Carlos Jackson,kevin80@example.net,South Patrick,85333
192,Natalie Jennings,adamskatherine@example.com,Ashleyberg,98979
193,Michael Burns,shawn71@example.com,Sarahshire,53087
194,Victor Dixon,sandrasutton@example.net,Port Emily,115159
195,Rebecca Smith,yprice@example.org,West Danielleland,71474
196,Amanda Clark,campbellalyssa@example.net,Lake Robert,77237
197,Cynthia Harvey,victoria27@example.com,North Robertbury,95320
198,Jeremiah Baker,steven42@example.net,Peterborough,51184
199,Angela Smith,angelajones@example.org,Jeanneton,107320
200,Tyrone Johnson,stewartcorey@example.org,Brownhaven,75205
201,Christina Barnes,krystalhoward@example.org,Christianland,54324
202,Dawn Smith,aaron06@example.com,New Mark,100293
203,Mr. Cameron Thompson II,gallegosrobin@example.net,Finleyville,71711
204,James Wallace,michael50@example.net,Gravesfurt,42226
205,Alex Lee DDS,pdiaz@example.com,Douglasview,52775
206,Angela Erickson,luis58@example.net,Port Reneefurt,76457
207,Jon Peters,justinsmith@example.net,East Scottburgh,96231
208,Laura Krause,benjaminjoseph@example.net,South Jameston,34396
209,Donald Cohen MD,bthomas@example.net,Goodville,97969
210,Aimee Hernandez,thomasadams@example.net,South Danielshire,83730
211,Tracey Holland,xcontreras@example.org,Lake Brian,99441
212,Robert Williams DDS,ipeters@example.com,East Carlos,77378
213,Dana Booker,laurenschultz@example.com,South Karenmouth,116231
214,Sophia Hardy,nkeith@example.org,East Carol,100020
215,Jason Gutierrez,jasongregory@example.org,Lake Emilyhaven,119651
216,Barbara Cummings,jasonfrazier@example.com,New Joseph,102493
217,Kyle Newton,ifarley@example.org,Cruzborough,49583
218,Amy Burton,swheeler@example.com,Bergertown,78252
219,Amanda Harvey,burtonjessica@example.net,Angelaport,52832
220,Christine Hopkins,ohernandez@example.com,Martinezside,63960
221,Henry Perry,jennifer71@example.org,Lake Jenniferburgh,83062
222,Joanna Alvarado,granttony@example.net,Thomasport,114152
223,Jeremy Vang,fcruz@example.com,Abbottside,31118
224,Paul Zuniga,mprice@example.com,New Heather,116294
225,Michael Anderson,cindy92@example.org,North Hannahchester,114617
226,Thomas Davis,poolepatrick@example.org,Simpsonfort,75712
227,Joseph Vazquez,davissamantha@example.org,North Gina,48325
228,Carlos Lewis,garrettrobertson@example.net,East Kathytown,112334
229,Kelsey Terry,daniel39@example.org,East Candace,58274
230,Ross Green,rsolomon@example.com,Whitakerside,102709
231,Jean Bates,allison15@example.org,Foleychester,45212
232,Betty Cox,dgarza@example.com,Amyview,30346
233,Sarah Hartman,ojones@example.org,Port Jamesfurt,84741
234,Wanda Hayes,teresa59@example.net,East Brady,62968
235,Rachel Villegas,donaldvillanueva@example.org,Andreaport,101628
236,Jordan Mann,amurillo@example.net,Hubershire,73406
237,Brenda Perez,lucaspatel@example.com,Perryport,108624
238,Rebecca Brooks,ldelgado@example.net,West Shawn,107978
239,Troy Williams,vvaldez@example.com,Kimberlymouth,50957
240,Valerie Beasley,michaelprice@example.org,Amberhaven,67538
241,Connor Mendez,barbara20@example.net,Bennettshire,69122
242,Zachary Mcdonald,kgoodman@example.net,Lake Jody,75866
243,Brittney Cortez,hendersonamy@example.com,Kristineshire,95552
244,Deanna Stewart,petersonrobyn@example.net,Jasonland,59264
245,Kevin Gordon,john38@example.com,North Richardstad,64256
246,Lisa Zhang,barbercarol@example.org,Port Tylermouth,54147
247,Andre Hayes,rsimmons@example.net,Warrenmouth,100539
248,Catherine Williams,jessica23@example.com,Smithville,55751
249,Ryan Strong,zwilliams@example.net,East Joshua,105819
250,Veronica Miller,raymondrobinson@example.com,Ryanland,55362
251,Matthew Brown,amoore@example.net,Marcusshire,98045
252,Jacob Chavez,wpratt@example.org,Silvahaven,80947
253,Andrew Blair,michealhampton@example.net,Lake Philipside,41585
254,Karen Franco,jonathanbrooks@example.org,Millerberg,33055
255,Wyatt Parker,rickey26@example.org,Graystad,57904
256,Elizabeth Thompson,brookechapman@example.net,New Michael,80285
257,Matthew Chapman,zvang@example.net,Marcuston,41657
258,Peter Hodge,wesley07@example.net,West Micheleberg,102242
259,Kimberly Hays,wolfejohnny@example.com,Jenniferstad,30240
260,Candice Ortiz,johnsonchristopher@example.com,Wolfefort,96673
261,Krista Pearson,qlee@example.org,Rachelburgh,106976
262,Scott Schroeder,amartin@example.net,East Christopherside,100797
263,Kenneth Jensen,peter21@example.com,South Janet,101751
264,Rose Green,teresa82@example.net,Lake Jason,36173
265,Melanie Santana,amanning@example.org,Garciachester,92784
266,Miranda Ward,patriciapetty@example.com,Port Cassiechester,78185
267,Emily Smith,xtorres@example.net,Manuelchester,87956
268,Michael Holmes,reneerichmond@example.net,Lake Cynthia,84992
269,Jeremy Chambers,oliviarogers@example.net,South Brittany,46415
270,Cynthia Smith,jbartlett@example.org,Lake Rachel,85889
271,Jack Baker,jennifer21@example.org,East Patrickhaven,80009
272,Edward Jones,janiceluna@example.com,South Michealborough,61591
273,James Cox,karen93@example.org,North Brent,109790
274,James Curry,blakeroger@example.com,Williamsmouth,37166
275,Ronald Mccullough,audrey80@example.net,West Justinshire,75986
276,Isaac Rodriguez,dgonzalez@example.org,Sharonchester,54347
277,Stacey Pierce,aorozco@example.org,Gillespieburgh,90513
278,Caitlin Wheeler,kpollard@example.org,New Amandafurt,32206
279,Billy Robinson,nvelasquez@example.org,Port Jaredbury,37939
280,Kimberly Knight,amandahubbard@example.org,East Laurie,111127
281,Cassandra Brown,tewing@example.net,Chelseaton,74865
282,Ian Compton,rodney55@example.org,Mossport,66110
283,Eric Nguyen,ocain@example.org,Salinasburgh,81499
284,Ryan Williams,audreywilliams@example.com,Angelicaland,62948
285,Michael Martinez,erinweaver@example.net,Lake Jeffreyfurt,82838
286,John Adams,qrobertson@example.net,North Theresa,35613
287,Mrs. Dawn Cohen,franciscotate@example.com,Port Nathanville,89646
288,Jennifer Underwood,gcasey@example.net,Lake Summerburgh,75687
289,Heather Thompson,anichols@example.net,Petersonside,107696
290,Julie Parker,mgraham@example.com,Jenniferbury,40774
291,Tony Johnson,wilsondaniel@example.com,West Johnmouth,76779
292,Sandra Diaz,mathisjeff@example.org,East Toddberg,48561
293,John Gardner,melissa73@example.net,New Edwardborough,110005
294,Matthew Jackson,vrios@example.org,Lake Heather,70865
295,Gary Barrera,destinywall@example.org,East John,102823
296,Ashley Frost,ronaldtanner@example.org,Allisonhaven,90865
297,George Mcdonald,nwang@example.net,East Ricky,111267
298,Sara Thompson,jfisher@example.com,Jonesberg,76516
299,Kristy Gonzalez MD,ghogan@example.org,Wellston,44857
300,Cody Ayala,veronicamcdaniel@example.org,Keithfurt,63998
301,Darryl Rhodes,john70@example.com,Richardborough,94042
302,Angela Cortez,igreen@example.net,Davidburgh,119850
303,Christina Scott,debra78@example.net,West Jasonhaven,64821
304,Dale Mcmahon,john47@example.com,Robertburgh,91533
305,Pamela Stephens,moyermatthew@example.com,West Amandahaven,115529
306,Jonathan Marshall,luis70@example.net,Lake Alec,102067
307,Emily Conway,smithcharles@example.org,North Natalie,85830
308,Peter Woods Jr.,brent73@example.org,North Kimberlyland,40157
309,Jessica Rose,rebecca52@example.com,West Josephchester,118547
310,Sydney Petersen,vwebster@example.org,Port Melissa,81349
311,Mary Perkins,danielsmith@example.net,North David,89133
312,Jacqueline Robinson,renee24@example.net,Smithside,109864
313,Paul Blackburn,gjohnson@example.org,Lake Anthonyborough,53492
314,Travis Cruz,michael56@example.org,Juliafort,62189
315,Jennifer Jimenez,mackenziewest@example.net,Christophermouth,35928
316,Brenda Smith,zbyrd@example.com,South Kevinshire,72133
317,Lisa Yoder,tshields@example.org,New Pamela,38078
318,Thomas Kline,sowens@example.net,Hernandezton,61313
319,Joyce Adams,jenniferwalters@example.com,Lake Danielport,65393
320,Crystal Melendez,sawyeraustin@example.net,Dillonbury,35694
321,Rachael Hardy,rschwartz@example.com,Lake Michael,44169
322,Emily Pruitt,rick71@example.org,West Aprilport,113667
323,Pamela Smith,harrisjohn@example.com,West Jessica,36173
324,John Jones,brittanybriggs@example.com,Sharonfurt,116285
325,John Nolan,qhunt@example.com,Brittneytown,78387
326,Brooke Santiago,sharon27@example.net,New Jennifer,102248
327,Jessica Jones,christopher41@example.org,Martinfurt,94629
328,Cynthia Garcia,floydsandra@example.com,Patrickstad,110003
329,Austin Miller,lnguyen@example.net,Port Thomasberg,58205
330,Troy Lewis,thomasmcbride@example.net,South Stevenfurt,74762
331,Ann Palmer,lewiscrystal@example.com,Braunville,113240
332,Mark Rojas,frodriguez@example.com,Kingfurt,34778
333,Kimberly King,gomezdebra@example.org,Mooreland,74516
334,Jared Kelly,jonesjoanna@example.com,Timothybury,33741
335,Thomas Mccall,emilytyler@example.org,Justinfurt,48250
336,Victoria Benton,morganrobert@example.net,Kevinport,41650
337,Chelsea Austin,navarrotravis@example.org,Port Jakeville,105062
338,Lisa Wang,bgonzalez@example.com,New Timside,115496
339,Evelyn Mckee,greenmarcia@example.net,Port Katieton,104379
340,Garrett Fisher,allison93@example.net,Port Laurenview,43182
341,Robert Hurst,beverly92@example.org,East Garyfort,116788
342,Matthew Chandler,stephenwilliams@example.com,East Janethaven,118668
343,Jose Hogan,bridgetmichael@example.com,Port Georgeshire,106967
344,James Williams,raymondhuffman@example.org,Kentfort,50129
345,Kevin White,garymaxwell@example.net,Mayside,105856
346,Paul Mason,johncamacho@example.net,New Alex,70862
347,Brian Li,jeffreyfarmer@example.net,Rodriguezfort,110709
348,Kristi Garcia,edwardsgregory@example.org,Samuelfurt,60302
349,Pamela Miller,victoria94@example.net,Craigtown,44531
350,Don Wilson,rossian@example.org,Denisemouth,117258
351,Michelle Hamilton,johnsonlaura@example.com,Lake Melanieberg,30655
352,Paul Tucker,luke22@example.com,Lunaton,35580
353,Matthew Taylor,mcgrathdaniel@example.net,Jamesberg,51170
354,Joseph Gilbert,ryanmcneil@example.org,Andrewchester,113623
355,Mrs. Cynthia Petersen,alexandrahall@example.org,Walshberg,39967
356,Taylor Hayes,lwashington@example.net,South John,82734
357,Stacey Brown,gallen@example.com,Port Andrew,105260
358,Sarah Preston,nicolehall@example.org,Port Scott,39131
359,Eric Goodwin,xelliott@example.com,East Ashleyhaven,89531
360,Jimmy Malone,tranlacey@example.com,Lake Richard,38505
361,Deanna Brown,henrymichelle@example.net,Jacksonmouth,73806
362,Keith Simpson,porterdawn@example.com,East Jenniferborough,99798
363,Kathy Vaughn,lthomas@example.org,Grayland,33657
364,Christine White,jdoyle@example.com,Laurenfurt,30381
365,Carol Glover,sevans@example.net,Port Dillon,51394
366,Donna Russell,jeremy69@example.net,Keithchester,102321
367,Charles Barry,tylergalloway@example.org,West Stephaniemouth,81734
368,Brenda Mayer,jeffreyphillips@example.org,North Jayfurt,55144
369,William Brown,ijensen@example.net,Port Brendaberg,119868
370,Kristina Maxwell,tyler03@example.com,Michelleville,60257
371,Brittany Reed,andrewhopkins@example.net,Wilsonville,87381
372,Hunter Gibbs,campbellcharles@example.net,North Susanburgh,102979
373,Brad Boyle,angela38@example.net,South Justin,31112
374,Anthony Mills,nathanlee@example.net,South Danafurt,77511
375,Diane Mclean,herrerajennifer@example.com,Port Christopher,48152
376,Michelle Shaffer,stevenbrown@example.com,Quinnville,111481
377,Austin Cook,duncanerica@example.org,Lake Daniel,83077
378,Brian Taylor,pmckay@example.com,Port Dennis,103147
379,Sharon Berg,vwong@example.org,Port James,69514
380,Kevin Evans,sarahmoore@example.com,West Andrew,49345
381,Justin Meyers,ryan05@example.com,North Elizabethstad,70021
382,Michael Potter,hsparks@example.com,Lake Jeanchester,90515
383,Angel Kelly,jessicafrazier@example.com,New Johnfurt,31884
384,Larry Hampton,ariasjohn@example.org,Christinastad,59015
385,Daniel Small,ronniestone@example.com,Evansside,85967
386,Mark Meyer,patrick53@example.org,East Robin,47958
387,Charles Garcia,alejandro02@example.com,North Rachael,36266
388,Felicia Gibson,tracyhuber@example.net,East Maria,61433
389,John Mason,bruce22@example.com,Lake Loriside,116207
390,Tyler Mayo,perezphillip@example.org,Tonyachester,71295
391,Rachel Sims,vrodriguez@example.org,East Josephbury,36235
392,Terry Ellis,kristen06@example.com,Kellyland,118041
393,Tyler Bell,jacob52@example.org,Gillville,88907
394,Amanda Davis,wmoore@example.net,Fritzland,73643
395,Kayla Mccann,john13@example.net,East Jeffrey,32761
396,Brenda Jones,wschultz@example.net,Lake Jenniferview,80559
397,Angela Kirby,beanleonard@example.net,North Victorstad,52980
398,Matthew Valenzuela,nicholaslindsey@example.net,Kellyfurt,119958
399,Ernest Castillo,juan26@example.net,Charleston,74978
400,Timothy White,louis14@example.net,Allenchester,74269
401,Kelsey Henderson,ramirezanthony@example.net,Williamsview,80457
402,Alexa Dunlap,xrice@example.net,South Feliciatown,63750
403,Todd Mcintyre,hyoung@example.net,North Ryanland,100825
404,Matthew Hudson,olsenemily@example.net,North Ginaburgh,94185
405,John White,brittanyrios@example.org,Hessfurt,31073
406,Edward Wilson,clucas@example.com,Mezashire,92165
407,Virginia Shepherd,dmack@example.com,Austinfort,54147
408,Jason Hansen,davidstone@example.net,Mooreberg,109431
409,Michelle Acosta,james87@example.com,East Amber,58934
410,William Willis,andersonpeter@example.org,Traceychester,77132
411,Marcus Schultz,davidle@example.org,North Cassie,33794
412,Mr. Vincent Harris,xscott@example.org,Andersonborough,48268
413,Regina Torres,johnhouston@example.net,Johnsonport,90805
414,Pamela Barber,danny48@example.net,Calhountown,110373
415,Allison Adams,jamessmith@example.org,Aguilarshire,34278
416,Randall Sanchez,xhorn@example.com,New Angela,44756
417,Michael Carpenter,ostanton@example.org,Ellisbury,33403
418,Joseph Bell,ljames@example.net,Johnbury,50687
419,Anthony Nelson,jennifer17@example.com,North Tiffanyland,33900
420,Paul Adams III,hector82@example.com,Emilyhaven,69061
421,Jay Warner,gregory94@example.org,Peterstown,85520
422,Sarah Graham MD,iangarrett@example.net,Port Carolynberg,75026
423,Ashlee Garcia,crystal82@example.com,East Joshuatown,64000
424,Courtney Sellers,erinmcmahon@example.com,Smithshire,57314
425,Dakota Cole,smithsteven@example.net,Jenniferhaven,115229
426,Scott Smith,bellkirk@example.net,West Sheila,66763
427,Michael Hughes,chris46@example.net,Johnview,108633
428,Shannon Phillips,bgraham@example.net,Lake Larry,109756
429,Dale Reid,robert15@example.com,Port Elizabeth,100185
430,Michelle Singleton,umaddox@example.net,Alisonburgh,117444
431,Julie Little,beckygarrett@example.org,Alexberg,91614
432,Amy Rodgers,owilliamson@example.com,Williamburgh,107643
433,Keith Bishop,johnsonmelissa@example.com,Sarahtown,106019
434,Tanya Miller,wlewis@example.com,East Kimmouth,51338
435,Erica Steele,jessicablack@example.net,Mooreville,71407
436,Jim Griffin,craigvega@example.org,North Kevin,92891
437,Rachel Brown,wjordan@example.org,Richardchester,36907
438,James Hughes,ronniemoore@example.com,Casefurt,34250
439,Julie Johnson,jacob18@example.org,Nicholasstad,98926
440,Jordan Gibson,vhughes@example.net,Watsontown,43896
441,Yolanda Rose,devinharris@example.net,Thomasberg,76952
442,Melissa Knight,georgemitchell@example.org,Travisville,80168
443,Whitney Moore,wcontreras@example.net,South Jaclyn,48909
444,David Silva,clarkbrad@example.com,New Samanthashire,107575
445,William Rios,norma73@example.net,Jessicaburgh,94871
446,Pamela Morgan,brittany88@example.net,Martinside,71668
447,Richard Campos,marthaevans@example.net,North Jaredland,42926
448,Scott Farley,colemanstephanie@example.org,Ronaldborough,80763
449,Keith Martinez,chadnichols@example.net,New Cynthiaburgh,51321
450,Jimmy King,zbecker@example.net,Martinchester,43074
451,Kelly Jimenez,christopherhines@example.com,Johnberg,81200
452,Catherine Barr,gwu@example.net,Jenniferberg,71553
453,Donna Ingram MD,vwhite@example.net,Raymondberg,33839
454,Cynthia Johnson,jason85@example.com,Robertborough,88294
455,Jeffrey Evans,qhansen@example.net,Griffinborough,42382
456,Benjamin Herrera,talvarado@example.org,Kellyside,78885
457,Brenda Webb,burkerobert@example.org,South Michael,93607
458,Brian Benson,waltersjeffrey@example.org,South David,48266
459,Jessica Marks,marissa79@example.net,East Donald,65330
460,Jason Randolph,vtapia@example.com,East Mathewton,82399
461,Brent Jordan,sarah31@example.net,East Michaelburgh,30630
462,Mark Wilcox,david24@example.net,Lake Josephhaven,30170
463,Micheal Riley,robin31@example.net,Lake Jessica,92229
464,Erica Simon,gcastillo@example.net,Debrastad,65365
465,Mary Smith,gonzalezcheryl@example.org,Lancetown,71630
466,Amanda Adams,andrewford@example.net,Gouldfurt,35815
467,John Adams,johnhensley@example.net,New Randall,43212
468,Kevin Perry,awells@example.com,Port Karenside,47008
469,Monica Pearson,whunt@example.com,South Jonathan,74780
470,Eric Bailey PhD,tiffany02@example.net,Millerfurt,107185
471,Lauren Carlson,tyler48@example.org,Gillbury,52960
472,Bryan Mercer,lutzkatherine@example.com,East Elizabethstad,112351
473,Shannon Robbins,harrisemily@example.net,South Kathryn,31250
474,Curtis Weeks,sboyle@example.com,North Teresa,46450
475,Christopher Solomon,jerry95@example.org,East Kylehaven,97673
476,Denise Fuller,ocoffey@example.net,New Taylorside,57477
477,Christian Mitchell,wrandall@example.org,Grahamland,108740
478,Gregory Rodriguez,qblankenship@example.com,North Dorothy,113918
479,Dana Newman,samuelowen@example.net,New Robinborough,33591
480,Steven Abbott,davispaul@example.net,Port Jason,92363
481,James Boyd,smithtroy@example.net,North Rachelton,57648
482,Benjamin Hernandez,william31@example.com,West Brandyland,48768
483,Janet Rojas,melissareynolds@example.net,Cruzburgh,92572
484,Vickie Whitehead,pmoon@example.org,Lake Chasemouth,104130
485,James Anderson,nwaller@example.org,North Edward,103417
486,Kathy Jackson,angelataylor@example.org,Michelebury,105223
487,Karen Silva,amanda32@example.com,Lake Dillonshire,31621
488,Robert Hall,nicole92@example.org,Jaredchester,98381
489,Jeremy Reed,michael09@example.org,South Andrew,108790
490,James Davis,benjaminsharp@example.net,Lake Taraburgh,40459
491,Jenny Johnson,sanderskelsey@example.net,East Vanessaberg,56662
492,Matthew Gray,mpatterson@example.org,Sheilaborough,72170
493,Benjamin Smith,morganjennifer@example.com,Port Angela,95063
494,Kelly Bray,hector38@example.com,South Paigehaven,57925
495,Emily Mann,dgarcia@example.net,Robintown,104332
496,Travis Martin,johnstonconnor@example.org,New Corey,33361
497,Jake Gray,dayrobert@example.net,Davidstad,92926
498,John Gould,popedeborah@example.com,Robertfort,33070
499,Chase Morales,zblack@example.com,West Markfurt,47838
500,Robert Moreno,david23@example.net,Thomasberg,109143
501,Amanda Patterson,antoniohunter@example.org,Ericfort,89248
502,Corey Stewart,tara64@example.org,New Jacqueline,84062
503,Keith Smith,jerry40@example.org,Lake Jenniferhaven,66286
504,Douglas Hobbs,ronnie45@example.org,Mosesland,34897
505,Matthew Ross,zhall@example.net,Jacobsmouth,50402
506,Joseph Jones,awilson@example.com,Brownmouth,79795
507,Luis Fernandez,april55@example.org,Port Kevin,35680
508,Sean Brown,clewis@example.com,South Leslie,94079
509,William Mcmahon,madison88@example.org,New Peggybury,46788
510,Scott Anderson,erin14@example.net,Lake Michaelville,49420
511,Shannon Scott,caitlinsantana@example.com,East Scott,35527
512,Mario Scott,taylorrobert@example.org,Matthewton,50655
513,Justin Bonilla,richard55@example.org,Alexanderbury,74740
514,Taylor Rodriguez,petersencheryl@example.com,Lake Melissafurt,81716
515,Francis Smith,kfisher@example.net,East Karen,104806
516,Christopher Simmons,pattersonmelissa@example.org,New Amanda,97019
517,Shane Davis,davischarles@example.org,Port Kyle,50038
518,Christopher Cline,rachelrusso@example.org,West Marcusville,112278
519,Matthew Fleming,aviladaniel@example.org,Lopezview,88505
520,Rebecca Nelson,christina57@example.net,Cabreraport,104687
521,Amy Mccoy,xlong@example.com,New William,64979
522,Jason Figueroa,hughessarah@example.com,North Steven,92278
523,Stacy Lawson,jenniferholmes@example.net,Martinport,67739
524,Amber Myers,martineztiffany@example.com,North Thomas,79527
525,Caleb Frost,mariarichard@example.com,New Garyfort,106364
526,Eric Vargas,peter85@example.org,Scottchester,95390
527,Renee Pham,shannonvance@example.com,Georgefurt,44957
528,Jennifer Gray,bsoto@example.org,New Nicholas,72367
529,Julie Gross,michelle07@example.com,Port Adam,66027
530,Wendy Williams,qevans@example.org,Nicholasmouth,34737
531,Christine Morrow,krystal92@example.com,Walkerchester,67212
532,Jesus Luna,desiree44@example.com,Martinburgh,32997
533,Anthony Ortiz,coxemma@example.com,New Kristin,115564
534,Robert Harrison,tanya01@example.net,Clarkmouth,61126
535,Peter Wallace,amberbrown@example.com,Lake Walter,92473
536,Jeffrey Brown,sweeneycharles@example.org,Yuhaven,108706
537,Danielle Hamilton,jimmy68@example.net,West Jessicafurt,59542
538,Jordan Hinton,gomezmegan@example.org,Micheleshire,82445
539,Karen Dunn,nthompson@example.org,Natashaland,75782
540,Kelsey Tapia,jnewman@example.net,New Samantha,51330
541,Sara Jenkins,perrymallory@example.org,Ashleyburgh,119835
542,Kristen Gomez,adennis@example.com,East Sarahside,104393
543,Matthew Medina,mitchellkathleen@example.net,West Kevinhaven,46342
544,Mitchell Davis,alimichael@example.com,Dawntown,38301
545,Elizabeth Key,millereric@example.com,Tinaview,58850
546,Joseph Chandler,michael71@example.org,East Sharon,74037
547,Amanda Harper,emilyprice@example.com,Shelleyland,42225
548,Melinda Garcia,navarrojason@example.com,Brownshire,105322
549,Kimberly Wood,madison48@example.com,Wrightchester,116759
550,John Williams,tuckerbryan@example.com,Hornechester,48681
551,Mark Buchanan,cpatterson@example.com,Snyderfort,101481
552,Steven Stevens,micheleflores@example.com,Lake Travisfort,108911
553,Jeffrey Mathis,steven32@example.net,Williamsview,115525
554,Marvin Johnson,utorres@example.net,Lake Danielle,102940
555,Tina Conrad,xreyes@example.com,Gregorychester,69603
556,Jodi Rice,jeremytran@example.org,Beardport,90356
557,Jason Davila,lewiskaitlyn@example.org,North Daleton,82841
558,Mary Giles,sharonglover@example.org,Shepardhaven,77415
559,Manuel Jones,jenniferbrown@example.org,West Crystal,78682
560,Melissa Lawrence,johnbryant@example.com,North Jamesmouth,86239
561,Stephanie Black,leejeffrey@example.org,Leeside,45551
562,Nicole Hodges,lestrada@example.com,Nicolebury,45071
563,Carlos Mata,frenchnicole@example.com,Gonzalezmouth,117818
564,Matthew Tate,perezmarcus@example.net,East Jeremiahton,35663
565,Melissa Meyer,gardnercarol@example.net,New Aprilmouth,100373
566,Richard Hernandez,rbarber@example.net,Thomasland,50749
567,Nicole Duarte,tina89@example.org,Pattersonfort,70824
568,Richard Yang,sharpdavid@example.org,Nicholasfurt,54999
569,Daniel Hill,bautistakristen@example.com,North Jason,79743
570,Lucas Jackson,obright@example.net,Howeberg,100095
571,Christopher Smith,richardsandoval@example.org,Port Robert,81063
572,Terry Warren,carolynevans@example.com,Butlerview,100442
573,Robert Mendoza,coxkimberly@example.com,East Clintonshire,64821
574,Patrick Ortiz,debra41@example.org,South Stephanie,60792
575,Kimberly Richardson,christinacrawford@example.net,Lake Melissa,40220
576,Rita Ramirez,rachael37@example.com,Martinezland,46849
577,Rose Reynolds,qjackson@example.org,East Alexis,83196
578,Marvin Howell,michaelcollins@example.com,Valdezmouth,85864
579,Carlos Ochoa,pnelson@example.net,Barnettstad,62037
580,Richard Bennett,corywhite@example.net,Katherineshire,50388
581,Sarah Walters,dlara@example.com,Cunninghamtown,37690
582,Mrs. Sarah Porter MD,ashley51@example.net,New Tonya,99121
583,Mike Peterson,bwatson@example.net,Rosetown,115558
584,Michael Madden,isnow@example.net,North Susanchester,84285
585,Erika Wagner,hooverlaura@example.com,Monroeside,55426
586,Teresa Cooper,alexandralewis@example.com,South Sarahview,100785
587,Yolanda Potter,shelley29@example.com,Bradshawshire,40352
588,Roy Collins,williamsjeremy@example.net,Lisamouth,39002
589,Emily Proctor,tylerwarren@example.net,Baileyshire,38852
590,Heather Chapman,phillip44@example.org,Kellyview,108246
591,Michelle Taylor,shari00@example.net,Smithmouth,115229
592,Blake Reese,victoria28@example.com,Richardbury,96011
593,Arthur Page,mbenson@example.org,Anthonymouth,119711
594,Tracey Brown,vadams@example.com,Mccoystad,112257
595,Amanda Jordan,sfoster@example.com,Collinstown,47519
596,Hannah Cox,laurawelch@example.net,Lake Teresamouth,85590
597,Lisa Blankenship,jonathanbrown@example.org,Mitchellview,110141
598,Kenneth Miller,boylemelissa@example.org,North Brian,86846
599,Heather Williamson,mdalton@example.net,West Monica,90080
600,Melissa Barrera,whitejulie@example.net,East Jennifer,44601
601,Linda Hernandez,robertdawson@example.net,New Erin,102546
602,Priscilla Sweeney,nicholas92@example.com,Simpsonport,60439
603,Daniel Horn,petersongregory@example.org,Sandratown,56507
604,Samuel Johnson,davidcase@example.net,Jimmyborough,51745
605,William Burns,christianralph@example.net,South Matthew,80498
606,Nicole Roberson,irivera@example.org,Shawstad,34090
607,Wendy Johnson,kmiller@example.org,West Amandaland,87913
608,Robert Martinez,theresabush@example.net,Danielsmouth,95780
609,Kayla Arnold,reedtracy@example.org,Tylerhaven,102405
610,Donald White,irwindebra@example.com,New Jameschester,105672
611,Amy Shea,lwagner@example.org,Smithtown,46862
612,Jeffrey Dudley,james09@example.net,New Richardtown,88612
613,Lisa Dennis,scottmitchell@example.net,New Isaactown,69367
614,Carrie White,xwilliams@example.net,Colleenchester,44773
615,Sarah Pierce,zyoung@example.net,Brendatown,72775
616,David Higgins,leematthew@example.org,South Stevenstad,67022
617,Rebecca Barnes,melissamayer@example.net,Port Kathleen,80466
618,Katelyn Ray,rebekahherman@example.com,Anneville,48637
619,Adam Smith,randyjackson@example.net,Jacobview,112873
620,Shelby Jackson,hernandezbrooke@example.org,Aguirreport,52725
621,Justin Good,leeerica@example.org,Port John,44745
622,Douglas Figueroa,paynedavid@example.net,Anthonyborough,60733
623,Jason Lopez,fredturner@example.com,West Williamstad,118216
624,Carla Mora,ellisonwilliam@example.com,New Dana,84380
625,Anthony Russell,sean50@example.net,South Christine,89011
626,Jessica Vega,mcgeetiffany@example.net,Anaborough,116973
627,Mrs. Kelly Armstrong,wilsonlevi@example.com,West Williamhaven,75580
628,Marcus Tucker,vmooney@example.org,Clarkstad,41751
629,Alan Anderson,hayesmckenzie@example.org,Port Joemouth,107224
630,Jeff Harmon,pittserin@example.net,New Maryview,51936
631,Laurie Ellis,dhenderson@example.com,East Matthew,59714
632,Theresa Webster,nicholas86@example.com,New Justin,35010
633,Misty Fields,dmassey@example.org,Williamview,67243
634,Christian Davis,johnnycannon@example.net,Port Andrewfort,51285
635,Jesse Harris,tina87@example.org,New Patricialand,113226
636,Lauren Lee,wandersen@example.net,North Nicole,52275
637,Meghan Fox,gregory27@example.com,Kelseyshire,96453
638,Jeffrey Jones,lcruz@example.org,South Cory,71687
639,Claudia Parker,dana25@example.com,Villaport,82026
640,John Clark,tcrane@example.org,Staceyshire,96067
641,Nicole Gordon,johnsonallison@example.com,Kennethstad,92863
642,Michael Williams,sarahcollins@example.org,East Antonio,100465
643,Vickie Gibson,jenniferfernandez@example.net,New Gregory,75064
644,Tom Roberson,taylorlisa@example.net,Freemanmouth,73690
645,Rachel Garcia,hortonjacqueline@example.org,Deborahville,85540
646,Erica Smith,xdeleon@example.com,Watsonville,43146
647,Michelle Morris,kristina12@example.org,North Timothy,43087
648,Jennifer Gonzalez,mercedesbailey@example.org,Port Maria,111497
649,Tyler Garcia,vincentdelgado@example.com,New Brandonland,83603
650,Christopher Buck,jennaryan@example.com,Jacobsburgh,102919
651,Michael Gibson,jane54@example.org,Lake Brendamouth,91318
652,Jennifer Martin,pearsonrandy@example.net,New Jasonfurt,39685
653,Alicia Mathews,karen48@example.com,South Alice,104839
654,Samantha Caldwell,steven53@example.org,Lake Jenniferfort,38146
655,Isaiah Jones,khanashley@example.net,Port Laurieborough,69943
656,Briana Booker,petersoncody@example.com,North Carolyn,119094
657,Norma Nelson,tmiller@example.com,Davisfurt,43472
658,Thomas Mueller,cassandrahenderson@example.com,Smithport,87206
659,Christina Davis,christopher51@example.net,North Sherryfurt,71167
660,James Lee,jasonsnyder@example.org,Arthurstad,44862
661,Joshua Mcdonald,othomas@example.org,South Keith,106581
662,Hannah Morales,bakerthomas@example.com,Rachelfurt,103872
663,Cheyenne Spencer,stephanie86@example.net,Port Lauraberg,64285
664,Lisa Reed,caitlinglover@example.net,New Richardshire,58272
665,Daisy Martinez,debra71@example.net,Port Rachel,37981
666,Summer Martin,lawrence16@example.com,South Michaelton,93627
667,Ryan Conley,joannewilson@example.org,Port Robert,108434
668,Katherine Brock,uwilson@example.net,New Brandibury,53397
669,Paul Romero,jessicaweiss@example.org,New Markmouth,103257
670,Tommy Williams,mezatimothy@example.com,Andrewstad,52990
671,Kara Melton,elizabeth57@example.org,East Robyn,58390
672,Julie Nixon,paguilar@example.com,West Mark,37693
673,Timothy Green,jill44@example.com,Robertport,112154
674,Dr. Mary Lee,susan55@example.com,Danielfort,82955
675,Melanie Mahoney,hgiles@example.com,Stewartville,62040
676,Michelle Oneill,campbellkenneth@example.net,Taramouth,82297
677,Matthew Anderson,egraham@example.net,New Todd,60096
678,Andrea Waters,kimberlyjohnson@example.net,South Robertbury,32217
679,Michelle Sanchez,wsmith@example.net,Seanmouth,97114
680,Jenny Patel,angela57@example.com,New Joshua,65517
681,Susan Larsen,diane51@example.org,Thompsonburgh,111488
682,Andrea Harrell,kellyrenee@example.org,Millerburgh,118256
683,Mark Grant,mcombs@example.net,West Brandon,39574
684,Seth Rodriguez,ustokes@example.com,Cruzshire,70836
685,Debra Hughes,robin08@example.com,North Emily,35893
686,Mark Smith,james50@example.com,Jessicaview,102769
687,Tabitha Edwards,powellbrandon@example.com,North Saraburgh,52826
688,Evan Clark,melissa13@example.net,Wilsonview,38083
689,Ricardo Lopez,jacobyoung@example.com,New Jenniferchester,47165
690,Jamie Long,johnsonjuan@example.org,Port Pamela,51163
691,Tamara Davis,atkinsonbenjamin@example.org,North Joshuabury,93783
692,Emily Delgado DDS,lmoore@example.net,Williamshire,102464
693,Wayne Griffith,salazarmegan@example.org,Valdezview,65204
694,Anne Osborne,rebecca87@example.com,West Carlyland,47211
695,Jessica Chambers,espinozalisa@example.org,Jerrymouth,112464
696,Willie Ward,romanwilliam@example.org,Port Michaelshire,80101
697,Colleen Giles,smithmonique@example.org,Smithville,74061
698,Cathy Jones,epeterson@example.org,Garciabury,80092
699,Rachel Jones,scottjones@example.org,West Nancy,92031
700,Krystal Campbell,sandersjodi@example.com,Aprilview,36168
701,Lauren Good,sphillips@example.com,Port Steven,103427
702,Tamara Espinoza,aprilsmith@example.net,New William,47838
703,Janet Johns,davisrobert@example.net,Hillville,98719
704,Timothy Collins,kristina09@example.net,Port Sarahfurt,38241
705,Don Ibarra,penarebecca@example.com,West Brendanland,83918
706,Jack Huang II,daviskevin@example.net,Timothyview,56309
707,Joshua Campbell,christinabarnes@example.net,East Robertchester,60438
708,John Ryan,kerrischneider@example.org,West Amandaland,60123
709,Brittany Ryan,jjones@example.org,Port Steven,117050
710,Justin Dunn,imiller@example.org,Lewisfurt,87753
711,Mr. Nathan Warren,elester@example.com,Hillview,111823
712,Mark Gentry,jimenezdonald@example.net,East David,111176
713,Linda Knight,bhall@example.com,Nicoletown,82956
714,Anthony Norman,laura43@example.net,North Kevinside,81982
715,James Watson,mbrown@example.net,Lake Gregory,102050
716,Brittany Brown,jamesjackson@example.net,Rebeccaview,72025
717,Nicole Hoover MD,elong@example.com,Port Courtney,35518
718,Robert Hudson,grodriguez@example.org,Jonathonville,63111
719,Jessica Hill,debra64@example.com,Lewishaven,64579
720,Patricia Miller,leonterry@example.net,Gardnermouth,64329
721,Dustin Stanton,phyllisvasquez@example.org,Parrishberg,64813
722,Robert Meyer,hector05@example.com,Mooreland,99276
723,Susan Small,ashley89@example.org,Vaughanberg,35116
724,Sydney Hanson,ischroeder@example.com,New Steve,40295
725,Andrea Richmond,derekrichardson@example.org,Heatherside,33636
726,Matthew Martin,ahogan@example.org,Aaronstad,92402
727,Christopher Chandler,fernandezchristina@example.net,South Sabrina,85019
728,Nathan Cook,tyler72@example.com,Edwardston,102538
729,Haley Taylor,angelica06@example.org,Carterville,109742
730,Jon Weaver,bbeck@example.org,Lake Dawnhaven,49752
731,Daniel Cox,atkinsonwilliam@example.org,Seanmouth,111022
732,Kenneth Stewart,collinsmichael@example.com,Jenkinsfort,81308
733,Martin Moran,jrogers@example.com,Navarrobury,112744
734,Christopher Hines,arnoldbrittany@example.org,Port Tinashire,86694
735,Julie Torres,eric22@example.org,Brownborough,103332
736,Roy Patterson,kjones@example.com,North Melissa,91637
737,Lauren Singleton,trevor70@example.com,Amandaport,103081
738,Molly Adams,williamromero@example.net,Port Duaneview,41510
739,Gregory Gentry,erin00@example.com,Laurenburgh,56984
740,Hunter Espinoza,troygarcia@example.com,Port Jillside,82139
741,Nancy Leonard,davidayala@example.org,New Vicki,41995
742,Kimberly Hamilton,campbelljesse@example.net,New Nicholas,51659
743,Robert Griffin,michael68@example.org,West Katie,119124
744,Isaac Sosa,leeamy@example.net,West Alexander,82243
745,Mary Davis,mwright@example.com,East Jennifertown,67444
746,Rebecca Dixon,longjennifer@example.net,Lunatown,97226
747,Angel Lindsey,markmiddleton@example.org,West Christinabury,112982
748,Teresa Hernandez,xrivers@example.com,South Stephanie,41446
749,Joseph Leonard,tcoleman@example.org,Gomezmouth,34167
750,Johnny Pineda,michael26@example.org,Loweland,44899
751,Mr. Richard Riley,james12@example.net,West Davidfurt,30823
752,John Simmons,tammytaylor@example.com,Lake Amyfurt,40012
753,Wendy Pearson,meganguerrero@example.com,Port Veronica,93624
754,Nicole Ramirez,shellypierce@example.net,Lake Stanleyside,81951
755,Joann Wells,christian17@example.net,Michaelbury,33847
756,Tara Pope,dustinbarker@example.net,New Johnberg,74235
757,Darlene Evans,ronald66@example.org,Jessicaville,42774
758,Nichole King,sarah88@example.org,East Jessicaburgh,55757
759,Richard Wilson,lucerorobert@example.net,Port Sherrybury,42255
760,Danielle Wright,shawnsanchez@example.org,West Juanstad,85278
761,Dylan Chapman,nancyjohnson@example.org,Hardyborough,81113
762,Courtney Clark,milleralison@example.com,East Katherine,80914
763,Angela Buckley,amyroberts@example.com,Hayesbury,81840
764,Kelly Jones,pagerebecca@example.net,Josemouth,79739
765,Joel Simon,allenamanda@example.net,Schroederchester,73321
766,Danielle Gonzalez,hensonjesse@example.com,Port Patrick,69118
767,Paul Smith,austinfowler@example.net,Lake Claire,62445
768,Meredith Carroll,brianguzman@example.com,North Kimberlyville,50970
769,Joseph Mullins,john76@example.com,Candacefort,60277
770,William Stanton,jacksonsusan@example.org,Karenview,101235
771,Janet Gregory,kathydawson@example.com,Kathleenton,112312
772,Clayton Rivera,lewiscrystal@example.com,Smithville,56329
773,Ashley Calderon,josephheather@example.com,South Elizabeth,51128
774,Jamie Hayes,greg86@example.com,Shawchester,44062
775,Micheal Greer,rebecca79@example.net,North Patrickfort,82447
776,Gregory Brown,daniel14@example.org,Patrickberg,74508
777,Mrs. Robin Morrison,emily28@example.org,New Veronica,105289
778,David Bowen,gowens@example.net,Port Kathrynmouth,79607
779,Stephanie Bruce,charles54@example.org,North Joel,100133
780,Samantha Buchanan,taylor06@example.net,Maldonadomouth,56004
781,Kevin Campbell,johnsonrebecca@example.net,East Hannahborough,84804
782,Ashley Kelly,walkermichael@example.net,Lake Joseph,81712
783,Michelle Price,bradleykennedy@example.net,Janetborough,45863
784,Brittany Butler,millerrobert@example.org,East Loriview,102712
785,Elizabeth Williams,anthonygarza@example.org,Lauramouth,70504
786,Margaret Martin,vhouston@example.com,South Patriciafort,74869
787,Kenneth Avila,nhall@example.org,Lake Nathanmouth,92239
788,Robert Jacobs,jeremyanderson@example.com,Booneside,105264
789,Seth Stephens,josephduffy@example.org,South Beckyport,36244
790,Christine Thompson,dillon24@example.com,West Garrettbury,77610
791,Willie Wagner,obrienian@example.net,Lake Brendamouth,88167
792,Chelsea Rodriguez,teresaolsen@example.org,Whiteheadhaven,117884
793,Carrie Brown,garrettvasquez@example.org,Edwardsstad,52691
794,Brittany Oconnell,maryparrish@example.org,Harrisfort,107631
795,Lauren Harper,rparker@example.com,Danielburgh,96924
796,Marie Rodriguez,tammy89@example.org,Terryview,37908
797,Stacy Wise,nrodriguez@example.com,Carrollfort,35654
798,Ryan Miller,wrightsean@example.net,Barronfort,96363
799,Benjamin Miller,martinezjulie@example.com,Lake Justinport,90690
800,Tracey Harmon,virginia04@example.com,Kellymouth,48277
801,Lisa Wallace,jessedaniels@example.com,Angelabury,72831
802,Brian Davis,xrichardson@example.net,Dominiqueburgh,65213
803,Derek Duarte,edwardsryan@example.org,West Jason,36113
804,Brian Hardin,esellers@example.net,Codymouth,101855
805,Brianna Buchanan,hoganraven@example.net,Kathrynport,74500
806,Janet Turner,emilyhiggins@example.net,Matthewhaven,78224
807,Mary Moody,willisjeremy@example.org,Larryport,59602
808,Mary Grant,davidgutierrez@example.com,Thompsonmouth,45147
809,Kimberly Esparza,anthony89@example.com,Youngview,36901
810,Heather Young,baxterdevon@example.net,Loganfort,74999
811,Craig Robles,robert35@example.org,Bradleychester,57334
812,Jason Potter,dpitts@example.com,Amandaberg,69937
813,Michael Mcfarland,jonescarmen@example.org,Lake Heather,110690
814,Steven Walker,david19@example.net,Robertchester,71917
815,Alice Carter,davischarles@example.com,Jamiemouth,95884
816,Tracy Watson,jonathon80@example.com,West Tammy,95333
817,Mark Todd,mariajones@example.org,Diazstad,104349
818,Jason Jones,phillipreed@example.net,East Ashley,57495
819,Christine Jones,shane01@example.org,South Shaneberg,74581
820,Samantha Carrillo,browningkathryn@example.org,Adamsfort,42010
821,John Reyes,gomezandrea@example.org,West Zachary,115867
822,William Noble,ricky91@example.com,West Crystalhaven,90341
823,Michael Gomez,rodriguezallison@example.net,Dyerport,98268
824,Lori Gibson,uchavez@example.com,East Sherry,31028
825,Frances Morris,shari50@example.org,Lake Kenneth,52954
826,Sydney Williams,montoyacourtney@example.net,Glennmouth,103309
827,Sarah Crawford,julie42@example.com,Port Jamesmouth,76414
828,James Livingston,ologan@example.net,Port Jennafurt,81232
829,Crystal Smith,steven80@example.com,South Brenda,42773
830,Heidi Gonzales,jstewart@example.org,West John,39254
831,Daniel Stewart,sandovallevi@example.net,Port Jennifer,59859
832,Jesse Adams,sarah93@example.org,Boltonstad,56678
833,Cathy Mueller,charlenegill@example.org,Lake Patriciaburgh,107256
834,Samantha Petty,jeremiah99@example.org,Brettport,59468
835,Shelley Newman,farrellshawna@example.net,Lake Kyle,97102
836,Molly Harper,garyhowell@example.net,North Annaton,62121
837,Jennifer Wood,henrydeleon@example.com,West Donald,81170
838,Heather Mendoza,atownsend@example.com,Mcintyretown,59179
839,Michelle Green,clarkseth@example.com,Downsstad,56027
840,Pamela Rose,grahamlisa@example.org,Andersonmouth,116006
841,John Silva,timothy11@example.com,Port Jamesside,104723
842,Rebecca Galvan,tammy89@example.org,East Kelly,71308
843,Laurie Brown,nguyenjames@example.net,Arellanoshire,30117
844,Penny Dixon,bgray@example.com,Stephaniefurt,66721
845,Olivia Perkins,ariel46@example.com,Dakotaberg,85516
846,Michael Chavez,megan19@example.net,Matthewborough,114648
847,Kyle Robbins,alexanderholt@example.net,Deniseberg,85813
848,Douglas Hansen,bstevens@example.net,Quinnland,98765
849,Jordan Mann,amyhill@example.org,Dannyshire,33632
850,Leonard Porter,townsendchristopher@example.org,East Moniquestad,87599
851,Sharon Davis,davidmendoza@example.net,West Eric,30621
852,Mrs. Jean Blake,rubiosheri@example.net,Lake Anthony,44834
853,Jeremy Gregory,howelljean@example.com,Galvanhaven,68058
854,Cathy Horton,diane20@example.com,North Laurie,96270
855,Toni Rogers,williammiller@example.net,Tamichester,71550
856,Kayla Miller,daniel05@example.com,Michellestad,61053
857,Gregory Miller,howardjames@example.org,Williamsside,117672
858,Becky Taylor,fmorris@example.com,Kristenmouth,60789
859,Adam Romero,wrightjason@example.net,Colleenside,89187
860,Mark Briggs,ismith@example.com,Lake Keith,96720
861,Jason Jones,dmiller@example.com,Ginahaven,73127
862,John Mcknight,hdiaz@example.net,Parkerborough,61558
863,Natalie Kirby,kariward@example.net,Smithchester,63347
864,Mr. Robert Chavez MD,walterkristina@example.com,North Donnaberg,32856
865,Michelle Carroll,asmith@example.net,North Kristinchester,77021
866,Emma Woods,julian77@example.net,Joshuafort,62847
867,Jacob Medina,djenkins@example.org,New Brendaport,112393
868,Tamara Bryant,robert24@example.net,Yangchester,45147
869,Rachel Schmidt,paynekristen@example.com,New John,34894
870,Alexander Hubbard,patricia05@example.net,Smithland,76352
871,Kathleen Chapman,jamesjohnson@example.com,West Tracyview,53552
872,Amanda Zhang,dominguezjacqueline@example.org,Woodsview,51415
873,Sarah Richardson,christina09@example.org,Davidtown,111259
874,Teresa Brown,stephanie16@example.net,Reillybury,59362
875,Christine Moore,andersenbrian@example.org,Angelicaville,43521
876,Robert Woods,marvin54@example.com,New Lauren,71723
877,Karen Williamson,cantrellryan@example.org,Port Shannon,44907
878,Patricia Simpson,eugeneoneal@example.org,West Kristina,103604
879,Michael Smith,susan88@example.net,New Karenview,101037
880,Renee Joseph,mcintyreamber@example.net,Shawhaven,44773
881,Amber Black,davidtaylor@example.net,Johnsonport,58237
882,Brianna Spencer,pearsoncorey@example.org,Myersstad,82016
883,Gary Bailey,sherri78@example.net,Lake Elizabethchester,111392
884,Alexandra Wilson DVM,greenkimberly@example.net,North Glennhaven,47270
885,Andre Stanley,jbarnes@example.net,Reyesmouth,89354
886,Angela Mckay,mark11@example.org,Wilsonshire,31748
887,Gina Davis,tommyalexander@example.net,Ruizside,99227
888,Michelle George,travispayne@example.net,East Ricardo,99204
889,Katherine Conner,rachel19@example.com,Joshuashire,52085
890,April Bond,austin71@example.com,New Johnfort,79712
891,Derrick Moore,blackwilliam@example.com,South Mitchellchester,112679
892,Angela Morrow,leblanccaitlin@example.net,Ryanland,70216
893,Mary Clark,vanessa56@example.net,Dianabury,101263
894,Vanessa Kim,kenneth16@example.net,Cabreraville,42122
895,Virginia Roberts,amymiller@example.com,Davisbury,36089
896,Joseph Adams,collinscarlos@example.com,New Michelle,46449
897,Elijah Harrington,vickie86@example.com,North Christinaport,43899
898,Nicholas Owens,kkennedy@example.org,East Kevinhaven,44449
899,Miss April Floyd,mwoods@example.com,Nelsonside,89383
900,Janet Smith,terriperez@example.net,Robertsville,33123
901,Justin Mcneil,thomasmichael@example.com,West Mario,35486
902,Brian Calhoun,brookskayla@example.org,Charlesborough,106297
903,Amy Wade,princerebecca@example.com,North Trevor,79054
904,David Newman,aprilhester@example.net,Jodiport,38309
905,Brett Waters,emilybrown@example.net,Orozcoburgh,40185
906,Carol Webster DVM,lauracross@example.org,Englishshire,58446
907,Frank Golden,ogonzales@example.com,Kellybury,89969
908,Seth Brown,jacksonwhitney@example.net,Mendozaburgh,100370
909,Megan Lopez,james00@example.org,Stacystad,37572
910,Kayla Vega,william48@example.com,North Michaelfort,90292
911,Suzanne Daniels,wrightamy@example.org,Port Elizabeth,86570
912,Mark Stephens,turnerolivia@example.com,East Nathanmouth,88064
913,Rick Harris,charlespitts@example.org,West Amyville,36468
914,Erica Rogers,carolynholmes@example.net,Derekhaven,81854
915,Brittany Massey,zacharymills@example.net,Port Melissa,116925
916,Robert Hill,shelbystevens@example.com,Lake Williamville,83790
917,Makayla Shepherd MD,howardbrittany@example.com,East Jasonville,36863
918,Gregory Odonnell,whitesarah@example.org,Johnsonside,68433
919,Diana Hughes,kimberly48@example.com,Sarahland,88196
920,Brittany Jackson,robertmiller@example.org,Stephanieberg,97927
921,Vincent Jenkins,michael26@example.net,Theresafort,64983
922,Cheryl Jacobs,elizabethmunoz@example.com,East Antonio,112725
923,Amanda Henry,ogonzalez@example.com,North Rebecca,82914
924,Daniel Edwards,shannonpatterson@example.net,New Rachel,78218
925,Raymond Brown,kingkelly@example.com,Lewisfurt,104296
926,Denise Nguyen,steven71@example.com,Port Lee,115922
927,Ernest Foster,melissawilson@example.org,Vaughnfort,92384
928,Gregory Thomas,heather50@example.com,Lake Courtneystad,89094
929,David Mitchell,qthomas@example.org,North Nathanville,113435
930,Shawn Stephens,michaela76@example.org,Richardsontown,115608
931,Cynthia Martin,patrick33@example.net,North Jamie,67927
932,Brandon Ray,erikatrevino@example.org,East Katiefort,55768
933,Joseph Gibson,cameron90@example.org,North Kenneth,84971
934,Kathy Boyd,dannylopez@example.com,Wuberg,44456
935,Timothy Clarke,shernandez@example.org,East Donaldbury,72496
936,Paula Rice,ihunter@example.com,West Andrewton,73940
937,Debbie Santos,stevenlogan@example.com,Popemouth,116307
938,Stephanie Holt,bescobar@example.net,Jonesbury,99265
939,Karen Webb,waretara@example.net,North Savannahside,100051
940,Scott Johnson,misty96@example.org,Smithland,51753
941,Dorothy Morrison,gwalsh@example.org,Zacharyfort,44912
942,Kayla Rhodes,rzhang@example.com,Port Jenniferberg,73577
943,Albert Tucker,rachel01@example.org,Port Jasmin,91646
944,Melissa Byrd,orozcocolleen@example.com,Travisberg,58555
945,Luke Ortiz,jennifer52@example.net,Rodriguezshire,81983
946,Kylie Williamson,macktim@example.org,Port Elizabethberg,96647
947,Carrie Nunez,zsantiago@example.com,Rodriguezhaven,84056
948,Laura Reid,lopezjonathan@example.org,Nelsonville,77899
949,Mark White,karenmeyers@example.com,New Melaniemouth,74374
950,Phillip Rush,jennifer89@example.com,Larrymouth,59847
951,Craig Powell MD,patriciapittman@example.net,Johnnybury,109276
952,Jodi Vance,joshuabrown@example.net,Samanthashire,82314
953,Nicolas Green,xsanchez@example.com,Port Nichole,41956
954,Andrew Williamson,vweaver@example.net,Parkerville,119293
955,Aaron Rice,friedmankellie@example.org,New Michaelport,110188
956,Valerie Adams,jenniferwolfe@example.com,Clarkburgh,82979
957,Kimberly Martinez,blackmichael@example.com,Michealland,100835
958,Tara Long,melendezjacob@example.net,Nancyside,80321
959,Matthew Ware,cmcintyre@example.net,Jenniferside,44859
960,April Lewis,arroyogregory@example.org,Washingtonhaven,78598
961,Donna Lopez,jessicamueller@example.org,Murphyburgh,103398
962,Ronald Casey,vanessamontes@example.com,Duncanbury,33689
963,Aaron Evans,johnlong@example.net,Jonesborough,42736
964,Toni Lee,brent22@example.com,Lake Cindy,104089
965,Jason Mueller,keithpoole@example.com,Bryantown,39475
966,Carol Bates,sheilakennedy@example.org,West Cesarstad,81127
967,Lisa Paul,vmoore@example.com,Thorntonside,81955
968,Jennifer Martinez,lawsonjames@example.net,Michaelmouth,79395
969,Kimberly Hernandez,elizabethwilliams@example.com,Port Selena,90591
970,Alexander Obrien,vwalker@example.net,Brooksland,48412
971,Linda Carpenter,chaseelizabeth@example.org,New Benjamin,97893
972,Patrick Gomez,carterseth@example.org,Robertberg,113364
973,Jonathon Carter,wward@example.org,Lake Ashleychester,90094
974,Brandon Garner,christinagarcia@example.org,North Steven,57516
975,Paul Lee,brenda92@example.org,Lake Deborahton,41187
976,Erin Boyle,rileysandra@example.org,Port Andrew,81859
977,Rita Oneill,andrewhuber@example.org,South Brooke,36162
978,Garrett Peterson,rebeccahanson@example.net,Port Lucas,105794
979,Christopher Cline DVM,vaguirre@example.com,New Ryan,33256
980,Elizabeth Clarke,padillatravis@example.net,Bowmanview,95970
981,Margaret Bonilla,andersonnatasha@example.net,Sandraside,115676
982,Beth Franco,jessicahensley@example.org,Thomasberg,37517
983,Andrea Gardner,jesus49@example.org,Ashleyport,33442
984,Brendan Holmes,chambersamber@example.net,East Henry,65422
985,Kara Gonzales,edwardlarson@example.net,West Dennis,102036
986,Suzanne Barton PhD,christine38@example.net,Brianfort,66166
987,Becky Barr,natashasparks@example.org,North Staceyville,89678
988,Miss Katelyn Berry,davidhill@example.net,Georgefort,79534
989,Melissa Phillips,robert17@example.net,New Jenniferland,56204
990,Kevin Schroeder,terrygarrett@example.net,Lopezfort,41219
991,Edward Moore,erin20@example.net,Garciaburgh,115453
992,Miss Robyn White,qsimpson@example.org,Oliverton,117054
993,Nichole Davis,tranadrian@example.com,Andreaton,79352
994,Sarah Cohen MD,katherine36@example.net,Port Steveborough,56089
995,Lindsay Ellis,aestrada@example.org,East Sarahbury,69201
996,Laura Anderson,lawrencewilliams@example.com,West Matthew,52435
997,Samantha Brown,eparker@example.com,East Bruceville,112178
998,James Schwartz,arodriguez@example.net,New Nancy,65509
999,Nicholas Snow,ijones@example.org,West Jennifertown,65842
1000,Randall Davis,jacquelinenunez@example.org,New Nathanielfurt,90738
